{"gNB_A": {"UE_A": -58.74453677680946}, "UE_A": -58.74453677680946}